<annotation>
	<folder>yellow</folder>
	<filename>100800.jpg</filename>
	<path>D:\corgi\for train New CM 0.2\jpg\yellow\100800.jpg</path>
	<source>
		<database>Unknown</database>
	</source>
	<size>
		<width>224</width>
		<height>224</height>
		<depth>3</depth>
	</size>
	<segmented>0</segmented>
	<object>
		<name>yellow</name>
		<pose>Unspecified</pose>
		<truncated>0</truncated>
		<difficult>0</difficult>
		<bndbox>
			<xmin>94</xmin>
			<ymin>85</ymin>
			<xmax>135</xmax>
			<ymax>136</ymax>
		</bndbox>
	</object>
</annotation>
