<annotation>
	<folder>red</folder>
	<filename>14100.jpg</filename>
	<path>D:\corgi\for train New CM 0.2\jpg\red\14100.jpg</path>
	<source>
		<database>Unknown</database>
	</source>
	<size>
		<width>224</width>
		<height>224</height>
		<depth>3</depth>
	</size>
	<segmented>0</segmented>
	<object>
		<name>red</name>
		<pose>Unspecified</pose>
		<truncated>0</truncated>
		<difficult>0</difficult>
		<bndbox>
			<xmin>100</xmin>
			<ymin>49</ymin>
			<xmax>165</xmax>
			<ymax>145</ymax>
		</bndbox>
	</object>
</annotation>
