<annotation>
	<folder>green</folder>
	<filename>157200.jpg</filename>
	<path>D:\corgi\for train New CM 0.2\jpg\green\157200.jpg</path>
	<source>
		<database>Unknown</database>
	</source>
	<size>
		<width>224</width>
		<height>224</height>
		<depth>3</depth>
	</size>
	<segmented>0</segmented>
	<object>
		<name>green</name>
		<pose>Unspecified</pose>
		<truncated>0</truncated>
		<difficult>0</difficult>
		<bndbox>
			<xmin>85</xmin>
			<ymin>82</ymin>
			<xmax>116</xmax>
			<ymax>134</ymax>
		</bndbox>
	</object>
</annotation>
