<annotation>
	<folder>green</folder>
	<filename>165600.jpg</filename>
	<path>D:\corgi\for train New CM 0.2\jpg\green\165600.jpg</path>
	<source>
		<database>Unknown</database>
	</source>
	<size>
		<width>224</width>
		<height>224</height>
		<depth>3</depth>
	</size>
	<segmented>0</segmented>
	<object>
		<name>green</name>
		<pose>Unspecified</pose>
		<truncated>0</truncated>
		<difficult>0</difficult>
		<bndbox>
			<xmin>38</xmin>
			<ymin>58</ymin>
			<xmax>97</xmax>
			<ymax>137</ymax>
		</bndbox>
	</object>
</annotation>
