<annotation>
	<folder>green</folder>
	<filename>166800.jpg</filename>
	<path>D:\corgi\for train New CM 0.2\jpg\green\166800.jpg</path>
	<source>
		<database>Unknown</database>
	</source>
	<size>
		<width>224</width>
		<height>224</height>
		<depth>3</depth>
	</size>
	<segmented>0</segmented>
	<object>
		<name>green</name>
		<pose>Unspecified</pose>
		<truncated>0</truncated>
		<difficult>0</difficult>
		<bndbox>
			<xmin>50</xmin>
			<ymin>3</ymin>
			<xmax>149</xmax>
			<ymax>171</ymax>
		</bndbox>
	</object>
</annotation>
