<annotation>
	<folder>red</folder>
	<filename>17700.jpg</filename>
	<path>D:\corgi\for train New CM 0.2\jpg\red\17700.jpg</path>
	<source>
		<database>Unknown</database>
	</source>
	<size>
		<width>224</width>
		<height>224</height>
		<depth>3</depth>
	</size>
	<segmented>0</segmented>
	<object>
		<name>red</name>
		<pose>Unspecified</pose>
		<truncated>0</truncated>
		<difficult>0</difficult>
		<bndbox>
			<xmin>141</xmin>
			<ymin>76</ymin>
			<xmax>182</xmax>
			<ymax>134</ymax>
		</bndbox>
	</object>
</annotation>
