<annotation>
	<folder>person</folder>
	<filename>180000000000.jpg</filename>
	<path>D:\corgi\for train New CM 0.2\jpg\person\180000000000.jpg</path>
	<source>
		<database>Unknown</database>
	</source>
	<size>
		<width>224</width>
		<height>224</height>
		<depth>3</depth>
	</size>
	<segmented>0</segmented>
	<object>
		<name>person</name>
		<pose>Unspecified</pose>
		<truncated>0</truncated>
		<difficult>0</difficult>
		<bndbox>
			<xmin>83</xmin>
			<ymin>16</ymin>
			<xmax>157</xmax>
			<ymax>198</ymax>
		</bndbox>
	</object>
</annotation>
