<annotation>
	<folder>red</folder>
	<filename>49800.jpg</filename>
	<path>D:\corgi\for train New CM 0.2\jpg\red\49800.jpg</path>
	<source>
		<database>Unknown</database>
	</source>
	<size>
		<width>224</width>
		<height>224</height>
		<depth>3</depth>
	</size>
	<segmented>0</segmented>
	<object>
		<name>red</name>
		<pose>Unspecified</pose>
		<truncated>0</truncated>
		<difficult>0</difficult>
		<bndbox>
			<xmin>111</xmin>
			<ymin>70</ymin>
			<xmax>150</xmax>
			<ymax>143</ymax>
		</bndbox>
	</object>
</annotation>
